{
  "nypl_borrow": {
    "check": ["borrow.nypl.org"],
    "url": "/search?query={{query}}&searchType=everything"
  },
  "vega": {
    "check": ["iiivega", "vegapattern", "vega-root"],
    "url": "/search?searchText={{query}}"
  },
  "encore": {
    "check": ["/iii/encore", "app_encore"],
    "url": "/iii/encore/search/C__S{{query}}"
  },
  "bibliocommons": {
    "check": ["bibliocommons"],
    "url": "/v2/search?query={{query}}&searchType=smart"
  },
  "polaris": {
    "check": ["polaris"],
    "url": "/polaris/search/searchresults.aspx?ctx=1.1033.0.0.6&type=Keyword&term={{query}}"
  },
  "sirsidynix": {
    "check": ["/client/", "enterprise", "sirsidynix"],
    "url": "/client/en_US/default/search/results?qu={{query}}"
  },
  "koha": {
    "check": ["koha"],
    "url": "/cgi-bin/koha/opac-search.pl?q={{query}}"
  },
  "evergreen": {
    "check": ["evergreen", "opac/results"],
    "url": "/eg/opac/results?query={{query}}"
  },
  "overdrive": {
    "check": ["overdrive", "libbyapp"],
    "url": "/search?query={{query}}"
  },
  "generic_discovery": {
    "check": ["borrow.", "discovery", "search"],
    "url": "/search?query={{query}}"
  }
}